word,label
가계,0
가까스로,0
가냘프다,0
가누다,1
가늠,1
가다듬다,0
가담,0
가뜩이나,1
가라앉히다,1
가려내다,1
가령,1
가로지르다,1
가로채다,1
가르침,1
가쁘다,1
가세,0
가속,1
가식적,1
가열,1
가엾다,0
가책,0
가출,1
가파르다,1
가하다,1
가혹,1
가훈,0
가히,0
각계,0
각계각층,0
각기,0
각도,1
각박하다,1
각별하다,1
각별히,1
각본,0
각성,0
각양각색,0
간과하다,0
간담회,0
간략하다,1
간밤,0
간부,0
간첩,1
갈래,1
갈망,1
갈피,1
감,1
감격스럽다,1
감금,1
감당,1
감돌다,1
감량,1
감면,1
감명,1
감소세,0
감수,1
감수성,1
감안,0
감언이설,0
감원,0
감지,1
감쪽같이,1
감촉,1
감축,0
감하다,0
감회,0
값어치,1
갓,1
강간,1
강압,1
강인하다,1
강점,1
강제적,1
강직하다,0
강행,0
개관,0
개괄적,0
개그,1
개량,1
개별적,1
개시,0
개신교,1
개운하다,1
개입,1
개작,0
개체,0
개편,1
개표,0
객지,0
거금,0
거동,1
거듭,0
거듭나다,1
거뜬하다,1
거론,0
거룩하다,1
거르다,1
거리낌,1
거문고,0
거부감,1
거북하다,1
거스르다,1
거슬리다,1
거시적,0
거창하다,1
거처,1
거침없이,1
건립,0
건방지다,1
건성,1
건장하다,1
건전,1
걷잡다,1
걸려들다,1
걸림돌,1
걸맞다,1
걸작,1
걸터앉다,1
걸핏하면,1
검거,1
검문,0
검소,0
검증,1
검찰,1
게을리하다,1
게재,0
겨냥,0
겨누다,1
겨루다,1
격리,1
격세지감,0
격언,0
격주,0
격차,1
견고하다,0
견과,0
견문,0
견본,0
견제,0
견주다,0
결단,1
결단력,1
결부,0
결선,0
결성,0
결속,0
결승선,0
결여,0
결의,0
결점,0
결정짓다,1
결핍,1
결함,1
겸허,0
경각심,0
경건하다,1
경계,1
경고문,1
경공업,0
경관,0
경련,1
경매,1
경멸,1
경보,1
경사,1
경시,0
경악,1
경연,0
경영진,0
경유,1
경이롭다,1
경전,0
경제권,1
경제성,1
경지,0
경직,1
경청,1
곁눈질,1
곁들이다,1
계,0
계승,0
계통,0
고가,1
고갈,1
고귀하다,1
고기잡이,0
고난,1
고다,0
고달프다,1
고되다,1
고령,1
고령화,1
고루,0
고립,1
고무신,1
고비,1
고사하다,0
고소득,1
고수,1
고스란히,1
고심,1
고안,0
고약하다,1
고요히,1
고의,1
고인,1
고조,0
고진감래,0
고찰,0
고충,0
고함,1
곤경,0
곤궁,0
곤두세우다,1
곤욕,0
골대,1
골머리,0
골짜기,1
골칫거리,1
곪다,0
곰곰이,1
곰팡이,1
공간적,1
공개적,1
공공연하다,0
공권력,0
공략,1
공로,0
공립,0
공모,0
공방,1
공백,1
공산주의,1
공산품,0
공세,0
공약,0
공연히,0
공용어,0
공적,0
공정,1
공정성,1
공중위생,0
공직,0
공터,0
공포,1
공허하다,1
공헌,0
과감히,1
과격하다,0
과녁,0
과다,1
과민,0
과부,0
과시,1
과열,0
과잉,1
과찬,0
관념,0
관련자,1
관례,0
관료,0
관리,1
관세,1
관여,1
관용적,0
관절,1
관직,0
관측,0
관행,0
관혼상제,0
광범위하다,1
광복,0
광부,0
광활하다,0
교감,1
교란,0
교묘하다,1
교섭,0
교정,1
교활하다,1
구걸,1
구기,0
구기다,1
구불구불하다,1
구사일생,0
구슬,1
구실,1
구어,0
구원,1
구인난,0
구절,1
구제,0
구조적,1
구체화,1
구출,1
구태여,0
구태의연하다,0
구토,1
구형,0
구호,1
국가적,1
국경,1
국고,0
국군,1
국력,0
국무총리,1
국민적,1
국방,0
국비,0
국왕,0
국장,0
국정,0
국제적,1
군계일학,0
군밤,1
군중,0
굴곡,0
굴다,1
굴레,1
굴리다,1
굶주리다,1
굶주림,1
궁극적,0
궁리,1
궂다,0
권,1
권고,0
권익,0
권장,1
권총,1
권태,0
권투,1
권한,1
궤도,0
귀감,0
귀납적,0
귀족,1
귀천,0
귀향,1
규율,0
균,1
그간,1
그나저나,1
그르다,1
그릇되다,0
그윽하다,1
그지없다,1
극,1
극대화,1
극도,0
극성,0
극소수,1
극적,0
근,1
근간,1
근력,1
근면,0
근시안,0
금상첨화,0
금시초문,1
금융업,1
금의환향,0
금지옥엽,0
급급하다,1
급기야,1
급등,1
급락,0
급류,0
급변,1
급성,0
급속,1
긍지,0
기고,0
기관지,1
기교,0
기권,1
기금,0
기기,1
기꺼이,1
기껏,1
기념회,1
기능적,1
기량,0
기력,1
기류,1
기리다,0
기립,1
기만,1
기묘하다,1
기미,1
기법,0
기색,1
기술적,1
기습,1
기아,0
기약,1
기어가다,1
기어들다,0
기어오르다,1
기어이,1
기어코,1
기업체,0
기웃거리다,1
기이하다,0
기인하다,0
기저귀,1
기절,1
기질,1
기특하다,1
기틀,0
기품,0
기피,1
기필코,1
기행,0
기호품,0
긴밀하다,0
길들이다,1
길쭉하다,1
깃,0
깃들다,0
깃발,1
깊숙이,1
까마득하다,1
까무러치다,0
깡통,1
깨소금,1
깨우치다,1
꺼리다,1
꺼림칙하다,1
껴입다,1
꼬이다,1
꼬집다,1
꼬치꼬치,1
꼴불견,1
꾀,1
꾀하다,0
꾹,1
꿈틀거리다,1
꿰다,0
꿰뚫다,1
뀌다,1
끈끈하다,1
끈질기다,1
끌려가다,1
끓어오르다,1
끔찍이,1
끼얹다,1
나그네,0
나날,1
나른하다,1
나부끼다,0
나약하다,1
나지막하다,1
낙타,1
낙태,1
낙후,0
난감하다,1
난관,1
난데없이,1
난생,1
난청,0
난폭,0
날뛰다,1
남김없이,1
남녀평등,1
남용,0
납득,1
낭송,0
낭패,0
낱낱이,1
내걸다,1
내던지다,1
내려서다,0
내륙,0
내리막길,1
내막,1
내몰다,0
내몰리다,0
내뿜다,1
내실,0
내심,1
내장,1
내젓다,0
내치다,0
내키다,1
냇가,0
냉담하다,0
냉전,1
냉정,1
냉혹하다,0
넋,1
널리다,1
넓적하다,1
넘나들다,1
넘보다,1
노골적,1
노령,0
노른자,1
노릇,1
노리다,1
노부부,0
노사,0
노여움,0
노크,1
노폐물,1
노하다,0
녹슬다,1
녹아내리다,1
녹지,0
녹초,0
논란,1
논설문,0
논증,0
논평,0
논하다,1
농어촌,1
높임법,0
뇌물,1
뇌사,1
뇌졸중,1
누비다,0
누이,1
누출,0
눈꺼풀,1
눈물겹다,1
눈여겨보다,1
눈초리,0
눈총,0
느닷없이,1
느슨하다,1
늘어뜨리다,1
늠름하다,0
능사,0
능통하다,0
능하다,0
다국적,1
다그치다,1
다량,0
다분히,0
다시금,1
다지다,1
다짜고짜,1
다채롭다,0
단가,1
단거리,1
단결,0
단계적,1
단념,0
단단히,1
단돈,1
단란하다,0
단련,1
단번에,1
단서,1
단숨에,1
단시간,1
단연,0
단적,0
단호하다,1
달구다,1
달라붙다,1
달아오르다,1
담담하다,1
담장,1
답례,1
답사,1
당당히,1
당락,0
당사자,1
당혹,1
대,1
대거,0
대금,0
대기만성,0
대담하다,0
대대손손,1
대대적,1
대들다,1
대뜸,1
대목,0
대박,1
대변,1
대북,0
대성통곡,1
대수롭다,1
대안,1
대양,0
대외,0
대원,1
대장,1
대접,1
대중성,1
대폭,1
대학가,1
대항,1
댕기다,0
더군다나,1
더더욱,1
더듬다,1
더디다,1
더러,1
더미,1
더부룩하다,1
덕목,0
덜렁대다,1
덜컥,1
덤,1
덤벼들다,1
덤비다,1
덥히다,1
덩달다,1
덩치,1
덮치다,1
도덕,1
도덕성,1
도덕적,1
도래,0
도리,0
도립,0
도맡다,1
도모,0
도약,0
도처,0
도태,1
독거노인,1
독사,1
독선적,0
독성,1
독자적,0
독재,1
독재자,1
독창성,0
돈독하다,1
돌아다보다,1
돌연변이,1
돌파,1
동경,0
동등,1
동력,0
동맥,1
동메달,1
동문서답,1
동병상련,0
동상이몽,0
동성,1
동시통역,1
동요,1
동적,0
동정,1
동질성,0
동참,1
동향,0
동호인,0
되뇌다,1
되새기다,1
된소리,0
두각,0
두루,1
두툼하다,1
둑,0
둘러앉다,0
둥그렇다,1
둥둥,1
뒤덮이다,1
뒤돌아보다,1
뒤바뀌다,1
뒤섞이다,1
뒤엉키다,1
뒤적이다,1
뒤죽박죽,1
뒤쫓다,1
뒤통수,1
뒤틀리다,1
뒷바라지,1
뒷일,1
뒷전,1
뒹굴다,1
드러눕다,1
드리우다,0
드세다,1
득점,0
들끓다,0
들뜨다,1
들락날락하다,1
들먹이다,1
들썩이다,1
들어맞다,1
들어차다,1
들여놓다,1
들여다보이다,1
들이닥치다,1
들이마시다,1
들이켜다,1
들추다,1
등골,1
등급,1
등용문,0
등재,0
등지,0
등지다,1
딛다,1
따돌리다,1
따라나서다,1
딱하다,1
딱히,1
때마침,1
떠넘기다,1
떠다니다,1
떠돌아다니다,1
떠밀리다,1
떨구다,1
떨치다,1
떨치다,1
뜨이다,1
뜯어내다,1
띄어쓰기,1
로맨틱,1
리그,1
마누라,1
마다하다,0
마지못하다,1
마취,1
막강,0
막다르다,1
막대하다,0
막론하다,0
막무가내,1
막바지,1
막상막하,1
막연히,1
막중하다,0
막힘없이,1
만끽,1
만사,1
만세,1
만연,0
만장일치,1
맏형,1
말단,0
말문,1
말미암다,1
말솜씨,1
말썽,1
망,1
망신,1
망원경,1
망치,1
맞먹다,1
맞붙다,1
맞아떨어지다,1
맞장구,1
맞춤,1
매,1
매기다,1
매니저,1
매듭,1
매료,0
매립,0
매장,1
매진,1
맥,1
맥락,1
맥박,1
맴돌다,1
맵시,0
맹렬하다,0
맺히다,1
머금다,1
머리맡,1
먹구름,1
멀다,1
멋스럽다,1
멍들다,1
면모,0
면역,1
면회,1
명당,0
명료하다,0
명목,1
명문,1
명백하다,1
명복,0
명분,1
명승지,0
명실상부,0
명중,1
명칭,1
모닥불,1
모색,0
모서리,1
모욕,1
모유,1
모질다,1
모퉁이,1
모티브,1
모호하다,1
목덜미,1
몰락,1
몰려가다,1
몰아가다,1
몰아내다,1
몰아넣다,1
몰아쉬다,1
몰아치다,1
몰입,1
몸집,1
못마땅하다,1
묘미,1
묘지,0
묘하다,1
무공해,0
무궁무진,1
무기력,1
무더기,1
무던히,1
무럭무럭,1
무력,1
무례,1
무료하다,0
무르다,0
무르익다,1
무릅쓰다,1
무리,1
무모하다,1
무병장수,0
무성하다,0
무수하다,0
무수히,1
무심히,1
무언,0
무용지물,0
무작정,1
문학적,1
무한,1
무형,0
묵념,1
묵직하다,1
묵히다,0
문단,1
문상,0
문안,0
문지르다,1
물리적,1
문헌,1
물끄러미,1
물들이다,1
물러가다,1
물리다,1
민주적,1
물자,0
물체,0
미각,1
미남,1
미달,1
미덕,0
미묘하다,1
미사,1
미숙하다,1
미술가,1
미약하다,0
미어지다,0
미정,1
미지,0
미혼모,1
미흡하다,1
민간단체,1
민망하다,1
민족주의,1
민주,0
배타적,0
민주화,1
민첩하다,0
밀도,1
밀려나다,1
밀려들다,0
밀림,1
밀어붙이다,1
밀어주다,1
밀접,1
밀착,1
밑거름,0
밑창,1
바래다,0
바삐,1
바짝,1
바퀴벌레,1
박자,1
박탈,1
반감,0
반나절,1
반도,0
반론,1
반목,0
반문,0
반세기,0
반신욕,1
반주,1
반칙,1
받들다,1
발각,1
발굴,1
발단,0
발돋움,0
발령,0
발병,0
발상,0
밥벌이,1
밧줄,1
방귀,1
방범,1
방사능,0
방어,1
방언,1
방치,1
방침,1
방패,1
배상,1
배설,1
배신,1
배역,1
배제,1
배출,1
병적,0
배포,1
배회,0
배후,0
백년해로,0
백미,0
백수,1
백지,1
백혈병,1
번성,1
번식,1
번영,0
번쩍,1
번창,0
벌판,0
범주,1
범하다,1
범행,1
법률가,0
법안,1
법정,1
벗,0
벤처,0
벼르다,0
벽화,0
변,1
변덕,1
변두리,0
변모,0
변변찮다,0
변수,1
변천,0
변형,1
변호,1
변화무쌍,0
별개,1
별안간,0
별의별,0
병동,1
병상,0
병세,0
복합적,1
보건,1
보답,1
보류,1
보배,0
보복,1
보육원,1
보잘것없다,1
보태다,1
보호자,1
복귀,1
복리,1
복부,1
복수,1
복장,1
복제,1
복종,1
비극적,1
본격화,1
본성,1
본전,1
봉우리,0
봐주다,1
부가,1
부각,1
부고,1
부닥치다,0
부당,1
부도,0
부도나다,0
부득이,1
부디,1
부르짖다,1
부리다,0
부설,0
부실,0
부양,0
부응,1
부임,1
부재,1
부진,0
부착,1
부추기다,1
부축,1
부풀리다,1
부피,1
부활,1
북돋다,0
북돋우다,0
북받치다,1
북적거리다,1
분간,1
분기,1
분담,1
분배,1
분별,1
분분하다,0
분산,1
분열,1
분유,1
분쟁,1
분출,0
분하다,1
분해,1
불경,0
불과,1
불러오다,1
불명,0
불모지,0
불분명하다,1
불쑥,1
불안정,1
불어넣다,1
불참,1
불화,1
불효자,1
붙들리다,1
비겁하다,1
비굴하다,0
비약적,0
비기다,1
비단,0
비리다,1
비밀스럽다,1
비방,0
비상,1
비속어,1
비스듬히,1
비정상적,1
비염,1
비웃음,1
비위,1
비전,1
사실적,1
비참하다,1
비품,0
비하,1
빈민,0
빈부,1
빈약,1
빈털터리,1
빈틈,1
빈틈없다,1
빈틈없이,1
빈혈,1
빗기다,0
빗줄기,1
빙산,0
빚어지다,1
빡빡하다,1
빤히,1
빼돌리다,1
뺑소니,1
뺨치다,1
뻔뻔하다,1
뻔히,1
뻗치다,1
뿌리내리다,1
뿜다,1
뿜어내다,1
사각지대,1
사각형,1
사격,1
사고력,1
사공,0
사기,1
사리,0
사면초가,0
사뭇,1
사법,0
사법부,0
사사건건,1
사상가,1
사상누각,0
사색,1
사슬,1
사시사철,0
생산적,1
사양,1
사업주,1
사치스럽다,1
사퇴,1
사필귀정,0
사회주의,1
사후,1
산간,0
산뜻하다,1
산만하다,1
산맥,0
산모,1
산물,0
산성,1
산하,0
살균,1
살해,1
삼각형,1
삼림욕,0
삼복더위,0
상,0
상거래,0
상반,1
상봉,0
상세하다,1
상속,1
상심,1
상여,0
상용,0
상위권,1
상응,0
상이하다,0
상인,0
상장,1
상주,1
상체,1
상호,0
샅샅이,1
새삼스럽다,1
새옹지마,0
색채,0
생계,1
생사,1
생산성,1
생산자,1
서민적,0
생산지,1
생성,1
생소하다,1
생태,0
생필품,1
생활고,0
생활권,1
서구,0
서두,0
선동적,0
서성거리다,1
서슴없이,1
서신,0
서열,1
서평,0
선,1
선고,0
선교,1
선교사,1
선정적,1
선뜻,1
선비,1
선풍적,0
선조,0
선출,0
시대적,1
선하다,1
선행,1
섣불리,1
설,1
설교,1
설령,1
설비,0
설상가상,0
설움,1
섬유,0
섬유질,1
섭리,1
섭외,1
성대,1
성비,0
성사,0
성장기,1
성적순,1
성차별,1
성취도,1
성품,1
성하다,0
성화,0
세,1
세,1
세관,1
세밀하다,1
세심하다,1
세태,0
세포,1
센서,1
소동,0
소란스럽다,1
소량,1
소멸,1
소신,1
소실,0
소아,0
소양,0
소외,0
소위,0
소장,0
소지,1
소프트웨어,1
소화기,1
속보,1
속설,1
속성,1
속셈,1
속속들이,0
속수무책,0
속임수,1
손가락질,1
손대다,1
손맛,1
손색,0
손수,1
손아귀,0
솔,1
솔깃하다,1
솟아나다,1
솥,1
쇄도,0
쇠퇴,0
수긍,1
수녀,0
수다스럽다,1
수도,1
수두룩하다,1
수려하다,1
수립,0
수목,0
수발,0
수법,1
수분,0
수비,0
수사관,0
수산업,0
수상하다,1
수색,1
수소문,1
수송,0
수완,0
수용,1
수용자,0
수월하다,1
수재민,0
수줍다,1
수중,0
수지,0
수차례,1
수치,1
수컷,1
수평,1
수평선,1
수혈,0
수혜자,1
수화기,1
숙맥,1
순발력,1
순수성,1
순응,0
순전히,1
순조롭다,1
순환기,0
숨죽이다,1
숭고하다,0
숭늉,1
숭배,1
쉽사리,1
스러지다,1
스며들다,1
스미다,0
슬그머니,1
슬며시,1
습성,1
승려,0
승마,1
승승장구,1
승인,1
시,1
시간대,1
시급히,1
시기상조,0
시늉,1
시적,0
시련,1
시름,1
시무룩하다,1
시비,1
시사하다,1
시상,1
시시각각,0
시신,1
시원섭섭하다,1
시원시원하다,1
시인,1
실질적,1
시정,0
시종일관,0
시중,1
시즌,1
시행착오,1
식단,1
식량난,0
식민지,1
식용,1
식은땀,1
신명,0
신비롭다,1
신상,1
신설,1
신세,1
신음,1
신의,0
신인,1
신임,0
신자,0
신종,0
신진대사,1
신축성,1
신하,1
실마리,1
실상,1
실상,1
실외,0
실용화,0
실정,1
실천적,0
압도적,1
심경,1
심성,0
심의,0
심혈,0
심히,1
십시일반,0
싱그럽다,0
싸늘하다,1
싹,1
싹트다,1
쌍방,1
쌍벽,1
쏠리다,1
씁쓸하다,1
아낌없다,1
아낌없이,1
아늑하다,1
아득하다,1
아랑곳없이,1
아무쪼록,1
아부,0
아비,1
아슬아슬,1
아우르다,1
아찔하다,1
악,1
악성,1
악역,1
악하다,1
안간힘,1
안달,1
안락,0
안락사,1
안목,1
안쓰럽다,1
안이하다,0
안일,1
안절부절,1
안주,1
알선,0
알아채다,1
암기력,1
암시,1
암컷,1
암흑기,0
압도,1
여성적,1
압박감,1
압축,1
앞다투다,0
앞장,0
애지중지,1
애착,1
애창곡,1
애초,1
애틋하다,1
야광,1
야기,0
야단맞다,1
야당,1
약물,1
약세,0
약소하다,1
약탈,1
얌체,0
양상,1
양성,1
양성평등,1
양식,1
양측,1
얕보다,1
어감,1
어금니,1
어김없이,1
어둑어둑,1
어렴풋이,1
어리다,1
어리둥절하다,1
어마어마하다,1
어민,0
어부지리,0
어설프다,1
어수선하다,1
어지럽히다,1
어처구니,1
어처구니없다,1
어투,1
억세다,0
억수,0
억압,1
억지,1
언뜻,1
언론사,1
언행,1
얻어맞다,1
얼,1
얼버무리다,1
얼핏,1
얽매이다,1
엄두,1
엄지,1
업소,1
업자,0
업종,1
엇갈리다,1
엉금엉금,1
엉기다,1
엉성하다,0
엉키다,1
엎다,1
에워싸다,1
여당,0
여류,0
여리다,1
여성상,0
역동적,0
여아,0
여의다,0
여지,1
역겹다,1
역경,1
역대,1
역도,1
열성적,0
역량,1
역지사지,0
역효과,1
연계,1
연대,0
연료,1
연비,0
연상,1
연약하다,1
연연하다,1
연잇다,0
연장자,1
연재,1
연초,0
열거,0
열광,1
열띠다,0
열망,1
열성,0
외적,1
열악하다,1
열풍,0
염두,1
염려,1
염원,0
염증,1
염치,1
영광,1
영락없이,0
영리,0
영문,1
영문,1
영세민,0
영양사,1
영입,1
영장,1
영재,1
영토,1
예견,0
예리하다,1
예배,1
예사롭다,1
예수,1
예술성,1
예의범절,1
예체능,1
오기,1
오르막길,1
오른팔,1
오붓하다,1
오죽,1
옥상,1
온실가스,1
온전하다,1
올바로,1
옷깃,1
옷자락,1
옹기종기,1
완만하다,0
완주,1
왈가왈부,0
왕궁,1
왕권,1
왕위,1
왕조,0
왜곡,1
왜소하다,1
외무부,0
외신,0
외유내강,0
외형적,0
외제,0
외형,1
우발적,1
외환,0
요건,1
요란,1
요양,1
요양원,1
요점,1
요컨대,1
요트,1
용례,0
용모,0
용법,0
용의자,1
용이하다,1
용하다,0
우거지다,0
우뇌,1
우뚝,1
우러나다,1
우렁차다,1
우호적,0
우선순위,1
우성,0
우세,0
우스꽝스럽 다,1
우여곡절,1
우열,0
우월,1
우직하다,0
우파,1
원색적,0
우후죽순,0
운용,1
운항,1
울렁거리다,1
울먹이다,1
울부짖다,1
울창하다,0
울퉁불퉁,1
울퉁불퉁하다,1
움츠리다,1
움켜잡다,1
움켜쥐다,1
웃돌다,0
웅성웅성,1
웅장하다,1
웅크리다,1
원,1
원,1
원가,1
원격,1
원고,1
원금,0
원동력,1
위생적,1
원시,1
원심력,0
원어민,1
원조,1
원주민,1
원형,1
원활,0
월간,1
월차,0
웰빙,1
위계질서,0
위독하다,1
위력,0
위상,0
윤리적,1
위성,0
위안,1
위암,1
위인,1
위인,1
위조,1
위축,1
위태롭다,1
위화감,1
유,1
유가,0
유감,1
유골,1
유권자,0
유난스럽다,1
유대감,0
유도,1
유독,1
유동,0
의도적,1
유례,1
유발,1
유비무환,0
유서,1
유세,1
유식하다,1
유언,0
유언비어,0
유연성,1
유유상종,0
유일무이,0
유전,1
유전병,1
유창성,0
유치,0
유포,0
유학,1
유행가,0
유흥비,1
유희,0
육로,1
의례적,0
율동,1
융통성,1
융합,1
으스대다,0
은근히,1
은메달,1
은사,1
은은하다,1
음,1
음모,0
음향,1
의,1
의식적,1
의욕적,1
의뢰,1
의리,1
의생활,0
의술,1
의존적,1
의아하다,1
의학적,0
의원,1
의젓하다,1
의존도,1
이례적,0
이색적,0
의혹,1
이글거리다,1
이기심,1
이끌리다,1
이다,1
이따금,1
이력,0
인격적,1
이를테면,1
이면,0
이바지,1
이산가족,0
이상,1
인공적,0
이슬,1
이식,1
이심전심,0
이어받다,1
이왕이면,1
이의,1
이점,0
이제껏,1
이주,0
이주민,0
이직률,1
이탈,1
이해,1
이행,0
익명,1
익살스럽다,0
인,1
인간미,1
인건비,1
인도적,1
인위적,1
인권,1
인내,1
인적,0
인문학,1
인산인해,0
인생관,0
자기중심적,1
자발적,1
인지도,1
인출,0
일,0
일감,0
일관성,1
일깨우다,1
일념,0
일대일,1
일련,1
일례,0
일몰,1
일삼다,1
일상화,1
일원,1
일정량,0
일제히,1
일찌감치,1
일컫다,1
일탈,1
일터,1
일환,0
임기,0
임대료,1
임신부,1
임용,1
임원,1
임종,0
임하다,1
입상,0
입양,1
입증,1
잇달다,0
자가,1
자각,1
자갈,1
자그마하다,1
자급자족,0
자율적,1
자립,1
자만,1
자문,0
전략적,1
자백,1
자본주의,1
자수,0
자수성가,0
자신만만하다,1
자아,1
자아실현,0
자유분방,1
자유자재,1
자율,1
전면적,0
자장가,1
자재,1
자질,1
자초지종,0
자취,1
자칫,1
자칫하다,1
자태,0
작정,1
잘다,0
잠잠하다,1
잠재력,1
잡다하다,0
장거리,1
장담,1
장려,1
장본인,1
장신구,0
장악,1
장유유서,1
장인,1
장차,1
재기,1
재롱,1
재무,1
재배,1
재앙,1
재원,1
재직,1
재치,0
재테크,1
재현,1
재활,1
잽싸다,1
저버리다,1
저서,0
저소득,1
저승,1
저작권,1
저조,0
저항,1
적대,0
적도,0
적발,1
적응력,1
적잖다,0
적정,1
전,1
전기,1
전기,1
전념,1
전담,0
전동,0
전래,1
전반적,1
전력,1
전망대,1
전면,1
점진적,1
전무후무,0
전문,1
전반,1
전반부,0
정열적,0
전성기,0
전셋값,1
전신,1
전업,1
전역,1
전유물,0
전율,0
전직,1
전투,1
전파,1
전형,1
전화위복,0
전환기,0
절감,0
절도,1
절로,0
절실하다,1
절전,1
절제,1
절친하다,1
점,1
점령,0
점유율,1
정적,1
점포,0
접대,1
접전,1
접종,0
정감,0
정계,1
정교하다,0
정권,1
정규,0
정년,1
정당하다,1
정밀,1
정복,1
정비,0
정사각형,1
정상화,0
정책적,1
정세,0
정신력,1
정연하다,0
정열,1
제도적,1
조직적,1
정적,1
정정당당하 다,0
종합적,0
정체,0
정체기,1
정체성,1
정통,1
정화,1
젖히다,1
제각기,1
중점적,0
제의,0
제재,1
제정,1
제치다,1
제패,0
조급하다,1
조립,1
조마조마,1
조만간,1
조문,0
조문객,0
조부모,0
조선업,1
조심조심,1
조연,1
조의,1
조작,1
조장,1
조정,1
조정,1
조종,1
지리적,1
조짐,1
조치,1
조형미,0
조화롭다,1
족,0
족하다,1
존엄성,0
졸지,0
종결,1
종사,0
종사자,1
종전,0
지배적,1
좌뇌,1
좌담회,0
좌파,1
죄송스럽다,1
죄인,1
주권,0
주력,0
주범,1
주생활,1
주선,1
주역,0
주전,0
주체,1
주최,1
준수,1
중공업,0
중대,1
중도,1
중력,1
중립,1
중병,0
중산층,1
중소,1
중점,1
지적,1
중증,0
즐비하다,0
즙,1
증가세,1
증대,0
증원,1
증정,1
증진,1
증후군,1
지구력,0
지그시,1
지극하다,1
지껄이다,1
지독하다,1
지름,1
진보적,0
지망,1
지문,1
지문,1
진취적,1
지성,1
지원금,1
지인,1
천부적,0
지지율,1
지침,1
지향,0
지휘,0
직거래,1
직관,1
직면,1
직무,1
직사각형,1
직속,1
진,1
진보,1
초월적,1
진상,1
진열,1
진작,1
진전,1
진정,1
진정,1
총체적,1
진풍경,0
진흥,0
질량,0
질의,1
짊어지다,1
집,1
집사람,1
집회,1
짓궂다,1
짓밟다,1
징역,1
징크스,1
짜임새,1
짤막하다,1
째려보다,1
쩔쩔매다,1
쪼그리다,1
쭈그리다,1
찌들다,1
찌뿌드드하다,0
찔리다,1
찧다,1
차곡차곡,1
차관,0
차일피일,0
차질,1
착륙,1
착실하다,1
착오,1
찬란하다,0
찬반,0
찬사,1
찬송가,1
참견,1
참배,0
창백하다,1
창의성,1
창작품,1
창출,1
채,0
채다,0
처가,0
처량하다,0
처마,0
처지,1
처지다,1
처참하다,1
척추,1
천막,1
천만다행,1
추상적,1
천지,1
천하다,0
철강,0
철거,1
철새,0
철수,1
첨예하다,0
청중,1
체내,0
체벌,0
체포,1
초가집,1
초능력,1
초래,0
치명적,1
초창기,1
촉각,1
촉진,1
촉촉하다,1
총액,1
특징적,1
최고령,1
최고조,1
최악,1
최연소,1
최적,1
최첨단,1
추격,1
추리다,0
추모,1
파격적,1
추이,0
추적,1
축축하다,1
출동,1
출마,1
출세,1
출제,1
출품,0
출혈,1
충실,1
충실히,1
취학,0
측정,1
치,1
치닫다,0
치매,1
편파적,0
치밀다,1
치안,1
치욕,0
치우치다,1
치유,1
치중,0
치켜들다,1
친교,0
친숙하다,1
친화,0
친화력,1
칠전팔기,0
침범,1
침입,1
침체기,0
칭하다,1
캐다,1
캐묻다,1
캠프,1
컨디션,1
코치,1
콧날,0
쾌감,1
쾌락,1
큰소리치다,1
타격,1
타당성,1
타당하다,1
타산지석,0
타이르다,1
타협,1
탁,1
탁월하다,1
탄력,1
탄성,1
탄식,1
탄압,0
탄탄하다,1
탄탄히,1
탈,1
탐구,1
태교,1
터득,1
터무니없다,1
터전,0
터트리다,1
턱없이,1
털썩,1
털어놓다,1
테두리,1
톡톡,1
톡톡히,1
통념,0
통보,1
통상,0
통속,0
통용,0
통째,0
통쾌하다,1
통틀다,1
통풍,1
퇴임,0
퇴진,0
투기,0
투박하다,0
투병,1
투입,1
투쟁,1
투정,1
투철하다,0
트다,1
트다,1
트림,1
트집,1
특권,1
특수성,1
특집,1
평화적,1
특허,0
특혜,1
튼튼히,1
틀어막다,1
틀어박히다,1
틈새,1
티격태격하다,1
티끌,1
폐쇄적,1
파견,1
파급,0
파내다,1
파란만장,0
파멸,0
파문,0
파업,1
파이프,1
파장,0
파헤치다,1
판결,1
판명,1
판이하다,0
판정,1
판촉,0
팔방미인,1
팔자,1
패,1
패기,1
패배,1
패자,1
패턴,1
팽개치다,1
팽창,0
팽팽하다,1
퍼붓다,1
펄쩍,1
펄펄,1
펭귄,1
편들다,1
편입,1
표면적,1
평론,0
평면,1
평야,0
평온,1
평이하다,0
평평하다,1
필연적,1
폐기물,1
폐렴,1
폐막식,1
폐쇄,1
학문적,1
폐장,0
폐허,0
폐활량,1
포부,1
포용,0
폭격,0
폭락,1
폭로,1
폭염,1
폭파,1
폭풍,1
폭행,1
표류,0
합법적,1
표명,0
표방,0
표본,1
표어,0
표적,1
푸근하다,1
푸념,0
푸대접,0
풀,1
풀어내다,1
풀어놓다,1
품격,1
품위,1
품종,0
품행,0
풋풋하다,1
풍자,1
풍조,0
풍족하다,1
풍토,0
피고,1
피고인,1
피력,0
피살,0
피차,0
해학적,0
필자,1
핏줄,1
하나같이,1
하락세,1
하루빨리,1
하류,0
하물며,1
하반신,1
하소연,1
하염없이,1
하위,1
하인,1
하천,0
학계,0
학대,1
핵심적,1
학살,1
학술,1
학식,1
한갓,0
한결같다,1
한결같이,1
한과,0
한껏,1
한낱,0
한도,1
한몫,1
한바탕,1
한사코,0
한심하다,1
한정하다,1
한탄,0
한탕,0
한파,0
한하다,0
할퀴다,1
함성,1
함축,0
함흥차사,0
합당하다,1
합동,1
합류,1
헌신적,1
합성,1
항문,1
항생제,1
항아리,1
항암,0
해독,1
해독,1
해박하다,0
해발,0
해석,1
해약,1
해일,1
해제,1
해직,0
해체,1
혁신적,1
핵가족화,0
호의적,1
햅쌀,0
행렬,1
행방,1
행세,1
행적,1
행진,1
허겁지겁,1
허구,0
허기,1
허둥지둥,1
허름하다,1
허망,1
허무,1
허물다,1
허술하다,1
허탈,1
허파,1
헌법,1
헌신,1
회의적,0
헐값,1
헐다,1
헐뜯다,1
헐레벌떡,1
험난하다,0
험악하다,1
헛되이,1
헤어나다,1
헤집다,1
헤치다,1
헤프다,1
헹구다,1
혁신,1
획기적,0
현,0
현기증,1
현모양처,1
현안,0
현저하다,0
현저히,0
현직,1
혈연,1
혐의,1
협동심,1
협박,1
협상,1
협약,1
협의,1
협정,1
협조,1
형사,1
형상,0
형용하다,1
호되다,0
호들갑,1
호소,1
호응,1
호의,1
무차별적,1
호전,0
호젓하다,1
호조,0
호평,0
호황,0
혹시나,1
혹평,0
혼동,1
혼합,1
홀가분하다,1
홈런,1
화,1
화두,0
화목,0
화물,1
화살,1
화자,1
확고하다,1
확립,1
확연히,1
확충,0
환원,0
환호,1
활력,1
활력소,1
활자,0
황금기,1
황급히,1
황량하다,0
황제,1
황혼,0
회견,1
회계,1
회복세,0
회수,1
유동적,1
정서적,1
획득,1
횡설수설,1
효력,1
효용,0
후각,1
후대,0
후련하다,1
후반부,1
후보자,1
후속,1
후원자,1
후유증,1
후임,1
후진,1
후퇴,1
훑다,1
훑어보다,1
훔쳐보다,1
훤하다,1
휘다,1
휘두르다,1
휘말리다,1
휘젓다,1
휩싸이다,1
휩쓸다,1
휩쓸리다,1
휴대용,1
휴무,1
휴전,1
휴직,1
흉하다,1
흐느끼다,1
흘기다,1
흘러들다,0
흡사,1
흥청망청,0
희귀하다,1
희미하다,1
희박하다,1
희한하다,1
힐끔거리다,1
힐끗,1
힘겹다,1
힘입다,1
가격,1
가능성,1
가능하다,1
가다,1
가동,1
가량,1
가리키다,1
가상,1
가설,0
가운데,1
가장,1
가지,1
가치,1
각,1
각각,1
각종,1
간주,0
갈대,0
갈등,1
감동,1
감소,1
감정,1
강력하다,1
강세,0
강조,1
강훈,0
같다,1
개,1
개도국,0
개막,0
개방,1
개심,0
개월,1
개정,1
개편안,1
거두다,1
거래,1
거래소,1
거버넌스,0
거부,1
건,1
건포도,1
검토,1
것,1
겪다,1
결,1
결과,1
결론,1
결백,1
결산,0
결코,1
결합,0
겸,1
경,1
경로,1
경상수지,0
경우,1
경작지,0
경쟁,1
경쟁력,1
경제,1
경제부총리,1
경제성장,0
경향,1
계급,1
계시다,1
고,1
고대,1
고도,1
고발,1
고백,1
고용,1
고위,0
고자,1
고전,1
고집,1
고착,0
곡물,1
곡창,0
곧,1
공감,1
공급,1
공연,1
공장,1
공정,1
공존,1
공허,1
과,1
과거,1
과세,0
과일,1
과정,1
과표,0
관,1
관객,1
관광,1
관련,1
관심,1
광대하다,1
광물,0
광업,0
괴물,1
교역,0
교육,1
구,1
구간,1
구글,1
구리,1
구분,1
구성,1
구윤철,1
구조,1
구축,0
국,1
국가,1
국내,1
국내외,1
국민,1
국보,0
국부펀드,0
국영,0
국제,1
국토,1
국한,0
국회,1
권력,1
권리,1
귀결,0
규모,1
규범,0
규제,0
규칙,1
그,1
그것,1
그룹,1
그리스,1
그치다,1
극단,1
극복,1
극심하다,1
극작가,0
근접,1
글로벌,1
금,1
금리인하,0
금산,0
금액,1
금융,1
금융위기,0
금지,1
급,1
급격하다,1
급작,0
긍정,1
기,0
기간,1
기대다,1
기대하다,1
기도,1
기록,1
기반,1
기본,1
기술,1
기업,1
기업인,1
기재부,0
기조,0
기준,1
기타,1
기회,1
기획,1
기획재정부,1
기후,1
길다,1
깊이,1
꼽히다,1
끊다,1
끊임없다,1
끝,1
나,1
나가다,1
나누어지다,1
나뉘다,1
나아가다,1
나오다,1
나타나다,1
나타내다,1
날,1
남,1
남다,1
남미,1
남부,1
남북,1
납,0
낭독,0
낮다,1
낮음,1
낮추다,1
내,1
내기,1
내내,1
내년,1
내다,1
내려가다,1
내적,1
내지,0
낸셜,0
낼,1
냉,0
넘기다,1
넘다,1
노동,1
노력,1
노르웨이,1
노예,1
녹이다,1
논의,1
농민,0
농산물,0
농업,1
농작물,1
높다,1
높이다,1
누구,1
누리다,1
눈,1
느리다,1
늘다,1
늘리다,1
능가,1
능력,1
다른,1
다만,1
다변,0
다수,1
다양,1
다양하다,1
다이아몬드,1
다툼,1
단순하다,1
단점,1
달,1
달다,1
달라,1
달러,1
담기다,1
담보,0
답변,1
당,1
당대,0
당시,1
대가,0
대감,1
대국,0
대규모,1
대다,0
대두,1
대부분,1
대비,1
대사,1
대상,1
대응,1
대의,0
대자,0
대체,1
대통령,1
대통령실,1
대평원,0
대표,1
대하,0
대한,1
대해,1
더,1
더불다,0
더치,1
데,1
데이터,1
데이터베이스,1
데카르트,1
도,1
도널드,1
독려,0
독점,1
동사,1
동석,0
동의,1
돼다,1
되다,1
되어다,1
두,1
두다,1
두유,1
둥지,1
뒤,1
드러나다,1
드러내다,1
들다,1
듯,1
등,1
등장,1
디,1
따다,1
따라서,1
따르다,1
따오다,1
때,1
때문,1
떠나다,1
떨어지다,1
또,1
뛰어나다,1
띄다,1
라며,1
라면,1
라신,0
라틴아메리카,1
라틴어,1
랭크,1
렉스,0
로,1
로마,1
로만,1
롤랑,0
루스,0
루이,0
률,1
를,1
리버티,0
리트,0
마련,1
마음,1
마음속,1
마이크로소프트,1
마켓,1
막대,0
만,1
만난,1
만들다,1
만큼,1
많다,1
많아지다,1
말,1
망,1
망간,0
맞다,1
맡다,1
매다,1
매도,0
매매,1
매수,0
매우,1
매입,0
먹이다,1
멀어지다,1
메다,0
며,1
면적,1
명,1
명령,1
명명하다,0
명예,0
몇,1
모방,1
모순,1
모습,1
목소리,1
목숨,1
목표,1
몸짓,1
못,1
무고,0
무너지다,1
무료,1
무엇,1
무용,1
무조건,1
묵다,1
묶이다,1
문과,1
문예,1
문제,1
문체,0
문학,1
문화,1
물꼬,1
물리다,1
미국,1
미디어,1
미비,1
미치다,1
민간,1
민원,1
민주당,1
민주주의,1
밀,1
밀가루,1
밈,1
및,1
바,0
바꾸다,1
바닥,1
바르트,1
바탕,1
반대,1
반도체,1
반드시,1
반면,1
반복,1
반영,1
받다,1
받아들이다,1
발달,1
발생,1
발성,1
발전,1
밝히다,1
방법,1
방안,1
방향,1
방향성,1
배,1
배당,0
배럴,0
배우,1
버리다,1
버스,1
범위,1
법인,1
법학자,1
베네수엘라,1
베이스,1
베팅,1
변경,1
변동,1
변동성,1
변심,0
별,1
병기,0
병행,1
보내다,1
보다,1
보도,1
보여주다,1
보유,1
보이다,1
보임,1
보조금,0
보크사이트,0
보편성,0
복잡하다,1
복지국가,0
본보기,0
본인,1
볼,1
부과,1
부국,0
부문,0
부분,1
부족,1
부존,0
부총리,1
부패,1
북구,0
북부,0
분,1
분리,1
분명하다,1
분석,1
분야,1
분포,0
불,1
불가능하다,1
불만,1
불평등,1
불합리,1
불확실,1
불황,0
붐,1
브랜드,1
블랙록,0
블룸버그,0
비,1
비교,1
비극,1
비상,1
비서실,1
비옥하다,0
비율,1
비자,1
비중,1
비트코인,1
빅테크,0
빈,1
빈곤,0
빠지다,1
뻗다,1
사,1
사가,1
사건,1
사고,1
사람,1
사랑,1
사례,1
사로잡히다,1
사료,1
사르다,0
사망,1
사모펀드,0
사상,1
사설,0
사실,1
사안,0
사업,1
사오다,1
사용,1
사우디,1
사이,1
사조,0
사회,1
산림,0
산업,1
산업부,1
산업화,1
살다,1
살펴보다,1
삶,1
상,1
상관없다,1
상당,1
상승,1
상승세,0
상실,1
상위,1
상처,1
상태,1
상품,1
상황,1
상회,0
새,1
새롭다,1
색슨,0
샘,1
생각,1
생산,1
서로,1
서류,1
서비스,1
서비스업,1
석유,1
섞다,1
선,1
선사,0
선정,1
선진국,1
선택,1
선호,1
설립,1
설명,1
성격,1
성공,1
성과,1
성명,1
성장,1
성향,1
세,1
세계,1
세금,1
세기,1
세법,0
세운,1
세율,0
세입,0
세제,1
센터,1
셰일가스,0
셰일오일,0
소득,1
소비재,0
소셜,1
소셜미디어,1
소속,1
소위,1
소유,1
소재,1
속,1
손발,1
손실,1
손자,1
손잡다,1
솔루션,1
수,1
수단,1
수력,0
수산,1
수산물,1
수요,1
수용,1
수의,1
수익모델,0
수입,1
수정,1
수준,1
수출,1
수행,1
숨,1
스,1
스스로,1
스타일,1
승리,1
승자,1
시,1
시간,1
시기,1
시대,1
시민,1
시스,0
시스템,1
시작,1
시장,1
시키다,1
시킴,1
시행,1
신,1
신분,1
신실하다,1
신앙,1
신정아,0
신중하다,1
신탁,0
실리다,1
실제,1
실질,0
실패,1
실효,0
심사숙고,0
심지어,1
심화,1
싱가포르,1
싶다,1
싸움,1
써다,0
아니다,1
아라비아,1
아르헨티나,1
아마존,1
아메리칸,1
아보카도,1
아연,1
아열대,0
아주,1
아프리카,1
악,1
악화,1
안,1
안건,1
안다,1
안보,0
안이,0
안전,1
안정,1
안정화,1
앉다,1
않다,1
알려지다,1
알루미늄,1
암호,1
압력,1
앞,1
앞당겨지다,1
앞당기다,1
액,1
앨버타,0
앵글,1
약,1
양극화,0
양변,0
양질,0
어떻다,1
어렵다,1
어류,0
어조,0
어찌,1
억만장자,1
언급,1
얻다,1
엄격하다,1
엄중하다,1
엄청나다,1
업체,1
없다,1
에너지,1
에릭,1
에우리피데스,1
여기,1
여러,1
여부,1
여야,1
여유,1
여전하다,1
여타,0
여파,0
여한,0
역,1
역사,1
역자,0
역할,1
연결,1
연관,1
연극,1
연기,1
연도,1
연방,0
연인,1
연중,0
열리다,1
영향,1
영혼,1
예상,1
예술,1
오다,1
오일,1
오일샌드,0
오전,1
오픈,1
옥수수,1
온대기후,0
올라가다,1
올려놓다,1
올트먼,0
올해,1
옭아매다,0
옮기다,1
옷,1
와인,1
완벽하다,1
완화,1
왕,1
왕실,1
외,1
외부,1
외자,1
외채,0
외환거래,1
외환보유고,0
요구,1
요소,1
용,1
용어,1
용인,1
우려,1
우스,0
우위,0
운명,1
울,1
움직,1
움직임,1
원,1
원료,0
원유,0
원자재,1
원점,1
월간,1
월드,1
위,1
위기,1
위원,1
위원장,1
위원회,1
위인,0
위임,1
위주,1
위해,1
위험,1
유럽,1
유력하다,1
유모,0
유엔,1
유일,1
유입,0
유전,1
유지,1
유지수,1
유착,0
율,1
은,1
은행,1
음모,0
의,1
의견,1
의도,1
의료,1
의무,1
의미,1
의붓아들,1
의원,1
의존,1
의지,1
의하다,1
의향,1
의회,1
이,1
이견,0
이끌다,1
이다,1
이데올로기,1
이드,0
이러하다,1
이렇다,1
이로,0
이론,1
이루다,1
이뤄지다,1
이르다,1
이름,1
이면,1
이상,1
이성,1
이야기,1
이어지다,1
이외,1
이유,1
이윤,0
이익단체,1
이자,1
이재명,1
이전,1
이제,1
이지,0
이하,1
이해,1
이행,1
이후,1
인간,1
인공,1
인구,1
인물,1
인식,1
인용,1
인프라,1
인플레이션,1
인하,0
인하다,0
일가,0
일관,1
일단,1
일반,1
일부,1
일시,1
일화,1
임,1
임명,1
임업,0
입,1
입다,1
입장,1
있다,1
자,1
자금,1
자기,1
자다,1
자동사,1
자동차,1
자라다,1
자리,1
자본,1
자산,1
자산운용,1
자세,1
자신,1
자연,1
자원,1
자유시장경제,0
자체,1
자크,0
자회사,1
작,0
작가,1
작물,0
작품,1
장,1
장관,1
장기,1
장도,1
장량,0
장르,1
장부,0
장세니즘,0
재계,0
재능,1
재배,1
재산권,0
재위,0
재정,1
재정정책,1
쟁,0
쟁점,0
쟁점들,0
저가,1
저주,1
저축,1
저해,0
적,1
적극,1
적다,1
적용,1
적자,1
적절하다,1
전,1
전개,1
전국,1
전달,1
전력,1
전망,1
전면,1
전문가,1
전반,1
전역,1
전적,1
전집,1
전체,1
전통,1
절대,1
절대왕정,0
절반,1
절제,0
절필,0
점,1
점유,0
점차,1
접근,1
접점,1
정,1
정거,0
정경,0
정념,0
정도,1
정부,1
정수,0
정점,0
정착,1
정책,1
정치,1
정협,0
제,1
제공,1
제도,1
제량,0
제로,1
제목,1
제시,0
제외,1
제조업,1
제출,1
조건,1
조금,1
조달,0
조성,0
조세,0
조정,1
조화,1
존재,1
종교,1
종사,1
종합,1
주,1
주가,1
주다,1
주도,1
주로,1
주식,1
주어지다,1
주옥,1
주요,1
주의,1
주장,1
주주,1
주차,1
주체,1
죽다,1
죽음,1
준,1
준비,1
줄,1
줄곧,1
줄다,1
줄리,0
줄어들다,1
중,1
중남미,1
중동,1
중부,1
중심,1
중요,1
중요하다,1
중용,0
즉흥,1
증가,1
증권,1
증명,1
증발,1
증손,0
증식,0
지금,1
지난,1
지난달,1
지능,1
지니계수,0
지니다,1
지대,0
지목,1
지배,1
지속,1
지수,1
지시,1
지역,1
지적,1
지주회사,0
지즈,0
지지,1
지지자,1
지출,1
직접,1
진입,1
진행,1
질,1
질서,1
집중,1
집필,0
짓다,1
차,1
차갑다,1
차남,0
차례,1
차베스,1
차이점,1
차지,1
참고문헌,1
참모,0
참여,1
창고,1
창설,0
찾다,1
찾아가다,1
채,1
채굴,1
채소,1
채우다,1
책,1
처음,1
천연가스,1
천연자원,1
철광석,1
철저하다,1
첨단,0
첫,1
체감,1
체제,1
체험,1
초,1
초과,1
초월,1
총,1
총력전,1
최,1
최고,1
최고경영자,1
최근,1
최대,1
최상급,1
최저,1
최종,1
최초,1
최후,1
추가,1
추구,1
추락,1
추산,0
추세,1
추정,1
추진,1
축소,1
축적,1
출구,1
출국,1
출범,0
충실하다,1
취약,1
취약성,1
취임,1
취임식,1
취지,1
층,1
치,1
치가,0
치솟다,1
치열하다,1
칙,1
친가,1
칠레,1
카리브,1
캐나다,1
캡,0
커피,1
코,1
코인,1
코코아,1
크게,1
크다,1
크립,1
키위,1
탁상공론,0
탄력성,1
탈,1
탈바꿈,0
태양,1
텄다,1
테크놀로지,1
텍스트,1
토,1
토론,1
토의,0
토큰,1
톤,1
통신,1
통제,1
통치,1
통한,1
통해,1
투,1
투명,1
투명하다,1
투자,1
투자자,1
트,1
트럼프,1
트루,1
트이다,1
특성,1
특질,0
특징,1
틀,1
파,1
파괴,1
파생상품,0
파스칼,1
파운드,1
파이,1
팜파스,0
펀드,1
펄프,0
페드로,1
페드르,1
펴다,1
편지,1
편차,1
편찬,1
펼치다,1
평가,1
평등,1
평원,1
폐해,1
포,1
포기,1
포도,1
포함,1
폭넓다,1
폭등,0
폴,1
폴리,0
표현,1
풀다,1
풀이,1
품목,1
풍부,1
풍부하다,1
프라,0
프랑,0
프랑스,1
프랑스어,1
프로젝트,1
플랜테이션,0
플랫폼,1
피,1
피하,0
피함,1
필요,1
필요하다,1
하나,1
하나로,1
하다,1
하락,1
하의,1
하이닉스,0
하향,1
학습,1
한국,1
함,1
합의,1
합작,0
항공,1
해당,1
해설,1
해소,1
해하,0
핵심,1
행동,1
행정부,1
헤게모니,0
현대,1
현재,1
현지,1
현행법,0
혐오,1
협의,1
형성,1
형태,1
혜택,1
호주,1
혼자,1
화가,1
화답,1
화폐,1
확대,1
확산,1
확실하다,1
확인,1
확정,1
환경,1
환율,1
활성화,1
회,1
회복하다,1
회사,1
회피,1
효과,1
후,1
후반,1
훌륭하다,1
흐름,1
흑자,1
희극,1
히폴리토스,1
힘,1
